customer_id,customer_name,customer_email
CUST001,Aarav Sharma,aarav.sharma@example.com
CUST002,Ananya Verma,ananya.verma@example.com
CUST003,Rohan Mehta,rohan.mehta@example.com
CUST004,Priya Iyer,priya.iyer@example.com
CUST005,Kunal Gupta,kunal.gupta@example.com
CUST006,Neha Singh,neha.singh@example.com
CUST007,Aditya Rao,aditya.rao@example.com
CUST008,Pooja Nair,pooja.nair@example.com
CUST009,Vikram Patel,vikram.patel@example.com
CUST010,Sneha Kulkarni,sneha.kulkarni@example.com
